bounce_number,time_of_bounce,quadrant_of_bounce
1,0.03143119812011719,
2,0.005297660827636719,
3,0.010276317596435547,
4,0.01014852523803711,
5,0.010076045989990234,
6,0.010034561157226562,
7,0.010329961776733398,
8,0.010365009307861328,
9,0.010012388229370117,
10,0.014976024627685547,
11,0.015096902847290039,
12,0.010232210159301758,
13,0.004999399185180664,
14,0.015042781829833984,
15,0.009887218475341797,
16,0.010149955749511719,
17,0.009992122650146484,
18,0.01049494743347168,
19,0.010074377059936523,
20,0.010065793991088867,
21,0.010397911071777344,
22,0.010840415954589844,
23,0.010345935821533203,
24,0.008008241653442383,
25,0.01921248435974121,
26,0.01267862319946289,
27,0.004922151565551758,
28,0.012615203857421875,
29,0.011356592178344727,
30,0.005476951599121094,
31,0.004991769790649414,
32,0.0104522705078125,
33,0.010254383087158203,
34,0.009918928146362305,
35,0.007517099380493164,
36,0.009906530380249023,
37,0.010376691818237305,
38,0.01001286506652832,
39,0.014582157135009766,
40,0.025205373764038086,1
41,0.010431051254272461,1
42,0.004996061325073242,1
43,0.015222787857055664,1
44,0.012235403060913086,1
45,0.004996299743652344,1
46,0.010093212127685547,1
47,0.00999307632446289,1
48,0.01031804084777832,1
49,0.010201215744018555,1
50,0.011429071426391602,1
51,0.015449047088623047,1
52,0.01564931869506836,1
53,0.009506940841674805,1
54,0.015716075897216797,1
55,0.010225296020507812,1
56,0.010104179382324219,1
57,0.014985084533691406,1
58,0.015080690383911133,1
59,0.010248184204101562,1
60,0.010635137557983398,1
61,0.013552427291870117,1
62,0.013767719268798828,1
63,0.010561704635620117,1
64,0.010133504867553711,1
65,0.009991884231567383,1
66,0.010570526123046875,1
67,0.010123491287231445,1
68,0.015443086624145508,1
69,0.015933990478515625,1
70,0.015137672424316406,1
71,0.015406370162963867,1
72,0.02090167999267578,1
73,0.020351409912109375,1
74,0.014463186264038086,1
75,0.01001882553100586,1
76,0.020112276077270508,1
77,0.015411376953125,1
78,0.015383005142211914,1
79,0.014989376068115234,1
80,0.020028352737426758,1
81,0.009991884231567383,1
82,0.010004758834838867,1
83,0.010296821594238281,1
84,0.014564275741577148,1
85,0.01500701904296875,1
86,0.01033473014831543,2
87,0.01025533676147461,2
88,0.010361909866333008,2
89,0.010179996490478516,2
90,0.015175819396972656,Out of Bounds
91,0.010024785995483398,Out of Bounds
92,0.010473251342773438,Out of Bounds
93,0.010016441345214844,Out of Bounds
94,0.011464595794677734,Out of Bounds
95,0.018161296844482422,Out of Bounds
96,0.010011434555053711,Out of Bounds
97,0.015060901641845703,Out of Bounds
98,0.009990215301513672,Out of Bounds
99,0.0049970149993896484,Out of Bounds
100,0.005082130432128906,Out of Bounds
101,0.0049970149993896484,Out of Bounds
102,0.0050008296966552734,Out of Bounds
103,0.010001897811889648,Out of Bounds
104,0.010263919830322266,Out of Bounds
105,0.010088205337524414,Out of Bounds
106,0.014918804168701172,Out of Bounds
107,0.010008811950683594,Out of Bounds
108,0.00505375862121582,Out of Bounds
109,0.010119438171386719,Out of Bounds
110,0.011145830154418945,Out of Bounds
111,0.009986400604248047,Out of Bounds
112,0.010081052780151367,Out of Bounds
113,0.010506629943847656,Out of Bounds
114,0.010313749313354492,Out of Bounds
115,0.010648012161254883,Out of Bounds
116,0.010489702224731445,Out of Bounds
117,0.0205838680267334,Out of Bounds
118,0.020571231842041016,Out of Bounds
119,0.025361299514770508,Out of Bounds
120,0.020432710647583008,Out of Bounds
121,0.026073694229125977,Out of Bounds
122,0.020174503326416016,Out of Bounds
123,0.023462533950805664,Out of Bounds
124,0.02070474624633789,Out of Bounds
125,0.018361806869506836,Out of Bounds
126,0.025788545608520508,Out of Bounds
127,0.02093362808227539,Out of Bounds
128,0.02029132843017578,Out of Bounds
129,0.021091699600219727,Out of Bounds
130,0.018602609634399414,Out of Bounds
131,0.021373987197875977,Out of Bounds
132,0.02293872833251953,Out of Bounds
133,0.022715330123901367,Out of Bounds
134,0.02028799057006836,Out of Bounds
135,0.0252530574798584,Out of Bounds
136,0.020968198776245117,Out of Bounds
137,0.021743297576904297,Out of Bounds
138,0.015163898468017578,Out of Bounds
139,0.020792007446289062,Out of Bounds
140,0.020159244537353516,Out of Bounds
141,0.021210193634033203,Out of Bounds
142,0.020764589309692383,Out of Bounds
143,0.020746231079101562,Out of Bounds
144,0.015292167663574219,Out of Bounds
145,0.020980119705200195,Out of Bounds
146,0.020128488540649414,Out of Bounds
147,0.02545762062072754,Out of Bounds
148,0.020041942596435547,Out of Bounds
149,0.015466451644897461,Out of Bounds
150,0.019983530044555664,Out of Bounds
151,0.020454883575439453,Out of Bounds
152,0.020365238189697266,Out of Bounds
153,0.020415544509887695,Out of Bounds
154,0.014590740203857422,Out of Bounds
155,0.022701740264892578,Out of Bounds
156,0.020154476165771484,Out of Bounds
157,0.015329360961914062,Out of Bounds
158,0.02089858055114746,Out of Bounds
159,0.02042102813720703,Out of Bounds
160,0.019971609115600586,Out of Bounds
161,0.024375438690185547,Out of Bounds
162,0.016610383987426758,Out of Bounds
163,0.02013087272644043,Out of Bounds
164,0.019989013671875,1
165,0.02505016326904297,1
166,0.020598888397216797,1
167,0.017001628875732422,1
168,0.015824556350708008,1
169,0.010544776916503906,1
170,0.010248422622680664,1
171,0.011122703552246094,2
172,0.009899139404296875,2
173,0.015862226486206055,1
174,0.015115976333618164,1
175,0.015197038650512695,1
176,0.010086774826049805,1
177,0.010193109512329102,1
178,0.010119915008544922,1
179,0.01014852523803711,1
180,0.00998830795288086,1
181,0.010275840759277344,1
182,0.015965700149536133,1
183,0.004996061325073242,1
184,0.009992361068725586,1
185,0.009504318237304688,1
186,0.007501840591430664,1
187,0.008086919784545898,1
188,0.01283574104309082,1
189,0.0053937435150146484,1
190,0.010123252868652344,1
191,0.010106325149536133,1
192,0.007501840591430664,1
193,0.014987945556640625,1
194,0.009993314743041992,1
195,0.004999637603759766,1
196,0.009904861450195312,1
197,0.010004520416259766,1
198,0.010091304779052734,1
199,0.004977703094482422,1
200,0.00999903678894043,1
201,0.014995098114013672,1
202,0.009997844696044922,1
203,0.009980440139770508,1
204,0.009989738464355469,1
205,0.009991884231567383,1
206,0.00503087043762207,1
207,0.0051038265228271484,1
208,0.0199737548828125,1
209,0.014989137649536133,1
210,0.010163545608520508,1
211,0.010007381439208984,1
212,0.00999307632446289,1
213,0.004990577697753906,1
214,0.010002851486206055,1
215,0.004991769790649414,1
216,0.009988546371459961,1
217,0.010053634643554688,1
218,0.015275955200195312,1
219,0.010613441467285156,1
220,0.010077476501464844,1
221,0.004994630813598633,Out of Bounds
222,0.014915704727172852,Out of Bounds
223,0.004978656768798828,Out of Bounds
224,0.00952601432800293,Out of Bounds
225,0.009992361068725586,Out of Bounds
226,0.004982709884643555,Out of Bounds
227,0.012448310852050781,Out of Bounds
228,0.006839275360107422,Out of Bounds
229,0.004985332489013672,Out of Bounds
230,0.00499415397644043,Out of Bounds
231,0.009993314743041992,Out of Bounds
232,0.010246038436889648,Out of Bounds
233,0.010258913040161133,Out of Bounds
234,0.009718656539916992,Out of Bounds
235,0.01089334487915039,Out of Bounds
236,0.010000467300415039,Out of Bounds
237,0.015389680862426758,Out of Bounds
238,0.010537147521972656,Out of Bounds
239,0.01006627082824707,Out of Bounds
240,0.009996414184570312,Out of Bounds
241,0.018246173858642578,Out of Bounds
242,0.014983654022216797,Out of Bounds
243,0.0053675174713134766,Out of Bounds
244,0.009979486465454102,Out of Bounds
245,0.009427070617675781,Out of Bounds
246,0.010058403015136719,Out of Bounds
247,0.010068655014038086,Out of Bounds
248,0.010201215744018555,Out of Bounds
249,0.010090827941894531,Out of Bounds
250,0.010258197784423828,Out of Bounds
251,0.005102396011352539,Out of Bounds
252,0.00498509407043457,Out of Bounds
253,0.00660252571105957,Out of Bounds
254,0.00994110107421875,Out of Bounds
255,0.0099945068359375,Out of Bounds
256,0.010522842407226562,Out of Bounds
257,0.007735252380371094,Out of Bounds
258,0.015090703964233398,Out of Bounds
259,0.011488676071166992,Out of Bounds
260,0.01000833511352539,Out of Bounds
261,0.009993553161621094,Out of Bounds
262,0.009995698928833008,Out of Bounds
263,0.0105133056640625,Out of Bounds
264,0.010007619857788086,Out of Bounds
265,0.008007526397705078,Out of Bounds
266,0.010280609130859375,Out of Bounds
267,0.015160322189331055,Out of Bounds
268,0.018851280212402344,Out of Bounds
269,0.015192270278930664,Out of Bounds
270,0.019933700561523438,Out of Bounds
271,0.0222628116607666,Out of Bounds
272,0.015705347061157227,Out of Bounds
273,0.015088558197021484,Out of Bounds
274,0.01561117172241211,Out of Bounds
275,0.020393848419189453,Out of Bounds
276,0.020514965057373047,Out of Bounds
277,0.024973392486572266,Out of Bounds
278,0.014999866485595703,Out of Bounds
279,0.022794246673583984,Out of Bounds
280,0.020544767379760742,Out of Bounds
281,0.025434494018554688,Out of Bounds
282,0.020017623901367188,Out of Bounds
283,0.022725820541381836,Out of Bounds
284,0.015581607818603516,Out of Bounds
285,0.020163774490356445,Out of Bounds
286,0.021028518676757812,Out of Bounds
287,0.02550363540649414,Out of Bounds
288,0.01996326446533203,Out of Bounds
289,0.022791624069213867,Out of Bounds
290,0.01999831199645996,Out of Bounds
291,0.02050614356994629,Out of Bounds
292,0.020024538040161133,Out of Bounds
293,0.020585298538208008,Out of Bounds
294,0.02019333839416504,Out of Bounds
295,0.02037978172302246,Out of Bounds
296,0.020365476608276367,Out of Bounds
297,0.02609086036682129,Out of Bounds
298,0.020285367965698242,Out of Bounds
299,0.024979591369628906,Out of Bounds
300,0.020444869995117188,Out of Bounds
301,0.021748065948486328,Out of Bounds
302,0.019508838653564453,Out of Bounds
303,0.020351409912109375,Out of Bounds
304,0.02030801773071289,Out of Bounds
305,0.025312423706054688,Out of Bounds
306,0.020434141159057617,Out of Bounds
307,0.020438432693481445,Out of Bounds
308,0.019989728927612305,Out of Bounds
309,0.020473957061767578,Out of Bounds
310,0.02066779136657715,Out of Bounds
311,0.02601933479309082,Out of Bounds
312,0.02106189727783203,Out of Bounds
313,0.020441055297851562,Out of Bounds
314,0.020372390747070312,Out of Bounds
315,0.0204617977142334,Out of Bounds
316,0.020223379135131836,1
317,0.025677919387817383,1
318,0.020251750946044922,1
319,0.01998758316040039,1
320,0.016617536544799805,1
321,0.021683454513549805,1
322,0.02584099769592285,1
323,0.020467758178710938,1
324,0.02537703514099121,1
325,0.025347232818603516,1
326,0.020462512969970703,1
327,0.025205373764038086,1
328,0.015251874923706055,1
329,0.025727033615112305,1
330,0.020142793655395508,1
331,0.024978160858154297,1
332,0.020568370819091797,1
333,0.025989055633544922,1
334,0.02008223533630371,1
335,0.024982929229736328,1
336,0.023286819458007812,1
337,0.01999497413635254,1
338,0.01988506317138672,1
339,0.022652387619018555,1
340,0.015423297882080078,1
341,0.019919872283935547,1
342,0.015019893646240234,1
343,0.024586200714111328,1
344,0.018558263778686523,1
345,0.020909786224365234,1
346,0.025323152542114258,1
347,0.03769826889038086,1
348,0.020801067352294922,1
349,0.019809722900390625,1
350,0.020173072814941406,1
351,0.025261878967285156,1
352,0.020105838775634766,1
353,0.020211219787597656,1
354,0.02122211456298828,1
355,0.024982929229736328,1
356,0.02543497085571289,1
357,0.024936199188232422,1
358,0.015203475952148438,1
359,0.014960289001464844,1
360,0.0209197998046875,1
361,0.015624523162841797,1
362,0.025548219680786133,1
363,0.015727996826171875,1
364,0.02010488510131836,1
365,0.02373671531677246,1
366,0.024982213973999023,1
367,0.025670289993286133,1
368,0.019714832305908203,1
369,0.020772695541381836,1
370,0.025146484375,1
371,0.025319814682006836,1
372,0.02006053924560547,1
373,0.02181077003479004,1
374,0.01999664306640625,1
375,0.025252580642700195,1
376,0.014886140823364258,1
377,0.020146846771240234,1
378,0.020373106002807617,1
379,0.020448923110961914,1
380,0.015223026275634766,1
381,0.0249788761138916,1
382,0.02030014991760254,1
383,0.02050924301147461,1
384,0.020729780197143555,1
385,0.02313971519470215,1
386,0.025635957717895508,1
387,0.020546913146972656,1
388,0.015104532241821289,1
389,0.018377065658569336,1
390,0.01527714729309082,1
391,0.020374774932861328,1
392,0.02521657943725586,1
393,0.021068096160888672,1
394,0.015528440475463867,1
395,0.023593425750732422,1
396,0.019910573959350586,1
397,0.01998615264892578,1
398,0.02065300941467285,1
399,0.020838260650634766,1
400,0.019992351531982422,1
401,0.0200498104095459,1
402,0.019924163818359375,1
403,0.020674705505371094,1
404,0.015663623809814453,1
405,0.025647640228271484,1
406,0.019991397857666016,1
407,0.022758007049560547,1
408,0.020951271057128906,1
409,0.019997119903564453,1
410,0.01990342140197754,1
411,0.025035858154296875,1
412,0.025433778762817383,1
413,0.020719051361083984,1
414,0.0202791690826416,1
415,0.01999521255493164,1
416,0.02081465721130371,1
417,0.020961284637451172,1
418,0.015134811401367188,1
419,0.015331745147705078,1
420,0.015383005142211914,1
421,0.02034759521484375,1
422,0.01522064208984375,1
423,0.023363113403320312,1
424,0.01998615264892578,1
425,0.01920604705810547,1
426,0.015856027603149414,1
427,0.020665645599365234,1
428,0.022254467010498047,1
429,0.020162582397460938,1
430,0.020380735397338867,1
431,0.020288467407226562,1
432,0.015842199325561523,1
433,0.02028179168701172,1
434,0.020756959915161133,1
435,0.02053093910217285,1
436,0.020022869110107422,1
437,0.020254135131835938,1
438,0.020420551300048828,1
439,0.02007126808166504,1
440,0.019953012466430664,1
441,0.010597705841064453,1
442,0.009993791580200195,1
443,0.010078191757202148,1
444,0.005373239517211914,1
445,0.0051422119140625,1
446,0.010365486145019531,1
447,0.009166717529296875,1
448,0.010338068008422852,1
449,0.009502172470092773,1
450,0.004996299743652344,1
451,0.010141849517822266,1
452,0.015039920806884766,1
453,0.010192394256591797,1
454,0.010024309158325195,1
455,0.009996414184570312,1
456,0.004990816116333008,1
457,0.00997781753540039,1
458,0.009996414184570312,1
459,0.010089635848999023,1
460,0.005014181137084961,1
461,0.005068778991699219,1
462,0.010161399841308594,1
463,0.009993553161621094,1
464,0.01015615463256836,1
465,0.004980802536010742,1
466,0.004984378814697266,1
467,0.004999399185180664,1
468,0.010122060775756836,1
469,0.005231380462646484,1
470,0.015486717224121094,1
471,0.014993429183959961,1
472,0.0060040950775146484,1
473,0.0050051212310791016,1
474,0.009989738464355469,1
475,0.009044647216796875,1
476,0.01498866081237793,1
477,0.004905223846435547,1
478,0.010416269302368164,1
479,0.009904861450195312,1
480,0.009908914566040039,1
481,0.00998830795288086,1
482,0.00499272346496582,1
483,0.004996538162231445,1
484,0.004992485046386719,1
485,0.01015329360961914,1
486,0.010468244552612305,1
487,0.007578849792480469,1
488,0.005026340484619141,1
489,0.010161161422729492,1
490,0.010127544403076172,1
491,0.005030393600463867,1
492,0.009992361068725586,1
493,0.005055904388427734,1
494,0.015295743942260742,1
495,0.008034229278564453,1
496,0.010001182556152344,1
497,0.00999307632446289,1
498,0.004992008209228516,1
499,0.01007699966430664,1
500,0.0049932003021240234,1
501,0.010306119918823242,1
502,0.009511709213256836,1
503,0.004995584487915039,1
504,0.004995822906494141,1
505,0.010502815246582031,1
506,0.005434751510620117,1
507,0.010470151901245117,1
508,0.00520014762878418,1
509,0.010139703750610352,1
510,0.009911060333251953,1
511,0.014983177185058594,1
512,0.010007858276367188,1
513,0.010202646255493164,1
514,0.010152816772460938,1
515,0.010267972946166992,1
516,0.005097150802612305,1
517,0.009994029998779297,1
518,0.010395288467407227,1
519,0.010003328323364258,1
520,0.010246753692626953,1
521,0.005299091339111328,1
522,0.010247945785522461,1
523,0.004988670349121094,1
524,0.009988784790039062,1
525,0.011460542678833008,1
526,0.010035514831542969,1
527,0.00499272346496582,1
528,0.009989023208618164,1
529,0.015027284622192383,1
530,0.010035276412963867,1
531,0.010147571563720703,1
532,0.010100364685058594,1
533,0.009992599487304688,1
534,0.010003328323364258,1
535,0.009534835815429688,1
536,0.009896993637084961,1
537,0.004897594451904297,1
538,0.011499881744384766,1
539,0.009985208511352539,1
540,0.010102510452270508,1
541,0.010094881057739258,1
542,0.0050754547119140625,1
543,0.010094165802001953,1
544,0.014994621276855469,1
545,0.009993314743041992,1
546,0.0050029754638671875,1
547,0.004915475845336914,1
548,0.00499272346496582,1
549,0.00999307632446289,1
550,0.009994268417358398,1
551,0.01772785186767578,1
552,0.010083913803100586,1
553,0.010078668594360352,1
554,0.009993314743041992,1
555,0.004996299743652344,1
556,0.01018071174621582,1
557,0.009992361068725586,1
558,0.011383295059204102,1
559,0.015208005905151367,1
560,0.010331869125366211,1
561,0.01003575325012207,1
562,0.00935053825378418,1
563,0.00954127311706543,1
564,0.0050008296966552734,1
565,0.007180213928222656,1
566,0.005100727081298828,1
567,0.010099649429321289,1
568,0.006516933441162109,1
569,0.005242347717285156,1
570,0.009989500045776367,1
571,0.010470151901245117,1
572,0.010291099548339844,1
573,0.00499272346496582,1
574,0.01017618179321289,1
575,0.005096912384033203,1
576,0.008502960205078125,1
577,0.004996538162231445,1
578,0.01032567024230957,1
579,0.010996341705322266,1
580,0.005095005035400391,1
581,0.005241870880126953,1
582,0.00500941276550293,1
583,0.009996652603149414,1
584,0.010184526443481445,1
585,0.00506591796875,1
586,0.014978647232055664,1
587,0.010657548904418945,1
588,0.01013493537902832,1
589,0.00513768196105957,1
590,0.010356903076171875,1
591,0.014912843704223633,1
592,0.014504671096801758,1
593,0.010296106338500977,1
594,0.0052814483642578125,1
595,0.011579036712646484,1
596,0.006957292556762695,1
597,0.010000228881835938,1
598,0.009970903396606445,1
599,0.015312671661376953,1
600,0.010102510452270508,1
601,0.004996538162231445,1
602,0.005005836486816406,1
603,0.010217666625976562,1
604,0.009510040283203125,1
605,0.010018348693847656,1
606,0.015424251556396484,1
607,0.010365486145019531,1
608,0.0050547122955322266,1
609,0.009991884231567383,1
610,0.009575843811035156,1
611,0.012191295623779297,1
612,0.010405778884887695,1
613,0.01058340072631836,1
614,0.00863504409790039,1
615,0.010129928588867188,1
616,0.010026693344116211,1
617,0.01516103744506836,1
618,0.014998912811279297,1
619,0.00999593734741211,1
620,0.014982461929321289,1
621,0.01005697250366211,1
622,0.009911060333251953,1
623,0.010203361511230469,1
624,0.010173320770263672,1
625,0.004912137985229492,1
626,0.005010366439819336,1
627,0.009994983673095703,1
628,0.004998445510864258,1
629,0.009996175765991211,1
630,0.0049207210540771484,1
631,0.01001429557800293,1
632,0.009588241577148438,1
633,0.004995107650756836,1
634,0.004912614822387695,1
635,0.01012277603149414,1
636,0.004996538162231445,1
637,0.00999140739440918,1
638,0.00997781753540039,1
639,0.011069297790527344,1
640,0.011110544204711914,1
641,0.004995584487915039,1
642,0.015575408935546875,1
643,0.009996891021728516,1
644,0.010058164596557617,1
645,0.010088682174682617,1
646,0.009989738464355469,1
647,0.009989738464355469,1
648,0.005006313323974609,1
649,0.0050144195556640625,1
650,0.009993553161621094,1
651,0.01057291030883789,1
652,0.010209321975708008,1
653,0.009997367858886719,1
654,0.010083675384521484,1
655,0.010514974594116211,1
656,0.009992599487304688,1
657,0.010104656219482422,1
658,0.01039576530456543,1
659,0.010134458541870117,1
660,0.014919519424438477,1
661,0.00999140739440918,1
662,0.009993314743041992,1
663,0.00911402702331543,1
664,0.009998798370361328,1
665,0.009991168975830078,1
666,0.010041475296020508,1
667,0.009993791580200195,1
668,0.004994869232177734,1
669,0.008504629135131836,1
670,0.009984254837036133,1
671,0.009992837905883789,1
672,0.014983177185058594,1
673,0.010073184967041016,1
674,0.009907007217407227,1
675,0.010043621063232422,1
676,0.009997367858886719,1
677,0.0049970149993896484,1
678,0.004996299743652344,1
679,0.009992361068725586,1
680,0.010242462158203125,1
681,0.005052328109741211,1
682,0.005011796951293945,1
683,0.010107040405273438,1
684,0.01058340072631836,1
685,0.010499715805053711,1
686,0.010623931884765625,1
687,0.009992361068725586,1
688,0.0060977935791015625,1
689,0.01029348373413086,1
690,0.010098457336425781,1
691,0.010327577590942383,1
692,0.010310649871826172,1
693,0.010085105895996094,1
694,0.005428314208984375,1
695,0.00499725341796875,1
696,0.0051190853118896484,1
697,0.010401010513305664,1
698,0.010460615158081055,1
699,0.004995822906494141,1
700,0.010505437850952148,1
701,0.010008573532104492,1
702,0.004996299743652344,1
703,0.009993553161621094,1
704,0.015465497970581055,1
705,0.005048036575317383,1
706,0.010172843933105469,1
707,0.011438846588134766,1
708,0.009992122650146484,1
709,0.010120868682861328,1
710,0.010003328323364258,1
711,0.009910106658935547,1
712,0.013003110885620117,1
713,0.010070085525512695,1
714,0.00999140739440918,2
715,0.010085105895996094,2
716,0.009991168975830078,2
717,0.009992837905883789,2
718,0.010117292404174805,2
719,0.009994029998779297,2
720,0.010425567626953125,2
721,0.009994268417358398,2
722,0.010195016860961914,1
723,0.0103912353515625,1
724,0.00999140739440918,1
725,0.009992599487304688,1
726,0.0050678253173828125,1
727,0.014916181564331055,1
728,0.014985322952270508,1
729,0.009997367858886719,1
730,0.009896516799926758,1
731,0.004996538162231445,1
732,0.004002809524536133,1
733,0.010250091552734375,1
734,0.009987831115722656,1
735,0.00491786003112793,1
736,0.009990692138671875,1
737,0.004994392395019531,1
738,0.004992246627807617,1
739,0.004984140396118164,1
740,0.004947662353515625,1
741,0.014499902725219727,1
742,0.009995698928833008,1
743,0.01012420654296875,1
744,0.010120868682861328,1
745,0.009992599487304688,1
746,0.010014772415161133,1
747,0.010243892669677734,1
748,0.010336637496948242,1
749,0.01037144660949707,1
750,0.004963874816894531,1
751,0.013545751571655273,1
752,0.009906530380249023,1
753,0.009992599487304688,1
754,0.009996891021728516,1
755,0.004996299743652344,1
756,0.005097866058349609,1
757,0.00500178337097168,1
758,0.00991678237915039,1
759,0.004990816116333008,1
760,0.009996175765991211,1
761,0.004993438720703125,1
762,0.009990930557250977,1
763,0.00500035285949707,1
764,0.005079507827758789,1
765,0.01046895980834961,1
766,0.005007266998291016,1
767,0.010000467300415039,1
768,0.009993553161621094,1
769,0.0049741268157958984,1
770,0.004996299743652344,1
771,0.010035276412963867,1
772,0.0049991607666015625,1
773,0.016924619674682617,1
774,0.010118246078491211,1
775,0.009979009628295898,1
776,0.015064477920532227,1
777,0.0050084590911865234,1
778,0.010098457336425781,1
779,0.009994745254516602,1
780,0.008502483367919922,1
781,0.009996414184570312,1
782,0.010451078414916992,1
783,0.010011911392211914,1
784,0.010355234146118164,1
785,0.009992599487304688,1
786,0.00500798225402832,1
787,0.009980440139770508,1
788,0.0049991607666015625,1
789,0.010059595108032227,1
790,0.009989261627197266,1
791,0.004982709884643555,1
792,0.004986286163330078,1
793,0.009504318237304688,1
794,0.00924825668334961,1
795,0.009923934936523438,1
796,0.009994029998779297,1
797,0.009994983673095703,1
798,0.005308628082275391,1
799,0.01007843017578125,1
800,0.004996299743652344,1
801,0.00750279426574707,1
802,0.009990453720092773,1
803,0.009505271911621094,1
804,0.010136127471923828,1
805,0.0051419734954833984,1
806,0.00492095947265625,1
807,0.010497331619262695,1
808,0.004996538162231445,1
809,0.010311126708984375,1
810,0.005119800567626953,1
811,0.010118246078491211,1
812,0.010060310363769531,1
813,0.005178213119506836,1
814,0.009994268417358398,1
815,0.010639429092407227,1
816,0.009993553161621094,1
817,0.005321979522705078,1
818,0.010187625885009766,1
819,0.010513544082641602,1
820,0.0050427913665771484,1
821,0.009991884231567383,1
822,0.01017618179321289,1
823,0.010250329971313477,1
824,0.01031184196472168,1
825,0.01030278205871582,1
826,0.010023355484008789,1
827,0.01009368896484375,1
828,0.004991054534912109,1
829,0.004919290542602539,1
830,0.010011911392211914,1
831,0.009992361068725586,1
832,0.009992837905883789,1
833,0.007501840591430664,1
834,0.010502338409423828,1
835,0.010170221328735352,1
836,0.01011037826538086,1
837,0.009993791580200195,1
838,0.013925313949584961,1
839,0.010388612747192383,1
840,0.004994392395019531,1
841,0.009995460510253906,1
842,0.005127906799316406,1
843,0.009918689727783203,1
844,0.009988546371459961,1
845,0.010629653930664062,1
846,0.009980201721191406,1
847,0.009996652603149414,1
848,0.006112575531005859,1
849,0.009992837905883789,1
850,0.010310649871826172,1
851,0.0048980712890625,1
852,0.005071163177490234,1
853,0.009997129440307617,1
854,0.009908676147460938,1
855,0.010075569152832031,1
856,0.009918451309204102,1
857,0.009993314743041992,1
858,0.0051555633544921875,1
859,0.009994983673095703,1
860,0.009002447128295898,1
861,0.010099649429321289,1
862,0.00999307632446289,1
863,0.010014772415161133,1
864,0.005074739456176758,1
865,0.00504755973815918,1
866,0.009990692138671875,1
867,0.00499272346496582,1
868,0.00999593734741211,1
869,0.004920482635498047,1
870,0.014915704727172852,1
871,0.010081768035888672,1
872,0.004910469055175781,1
873,0.004950284957885742,1
874,0.009993791580200195,1
875,0.009994029998779297,1
876,0.005486965179443359,1
877,0.010316133499145508,1
878,0.005037069320678711,1
879,0.005038022994995117,1
880,0.009002923965454102,1
881,0.005056858062744141,1
882,0.005140542984008789,1
883,0.0060024261474609375,2
884,0.010018348693847656,2
885,0.01001739501953125,2
886,0.005343914031982422,2
887,0.009990215301513672,1
888,0.013437747955322266,1
889,0.009993314743041992,1
890,0.010004043579101562,1
891,0.009991645812988281,1
892,0.009993553161621094,1
893,0.010347604751586914,1
894,0.009914159774780273,1
895,0.008910894393920898,1
896,0.010387897491455078,1
897,0.0050144195556640625,1
898,0.004992961883544922,1
899,0.009919166564941406,1
900,0.004996299743652344,1
901,0.00991678237915039,1
902,0.010063648223876953,1
903,0.010066509246826172,1
904,0.01006174087524414,1
905,0.009911298751831055,1
906,0.009995698928833008,1
907,0.01033473014831543,1
908,0.0050907135009765625,1
909,0.010632514953613281,1
910,0.010053873062133789,1
911,0.010091066360473633,1
912,0.005011320114135742,1
913,0.010001659393310547,1
914,0.0053253173828125,1
915,0.005202770233154297,1
916,0.010087728500366211,1
917,0.009995460510253906,1
918,0.010573863983154297,1
919,0.004996538162231445,1
920,0.01044321060180664,1
921,0.0153045654296875,1
922,0.010044097900390625,1
923,0.010568857192993164,1
924,0.005099058151245117,1
925,0.004995584487915039,1
926,0.004995107650756836,1
927,0.010263919830322266,1
928,0.011284351348876953,1
929,0.009989261627197266,1
930,0.011914491653442383,1
931,0.009913921356201172,1
932,0.007592201232910156,1
933,0.010070085525512695,1
934,0.010059118270874023,1
935,0.008392095565795898,1
936,0.008041620254516602,1
937,0.0049152374267578125,1
938,0.004996061325073242,1
939,0.011807441711425781,1
940,0.005032777786254883,1
941,0.009928464889526367,1
942,0.014989852905273438,1
943,0.010462284088134766,1
944,0.010268211364746094,1
945,0.00509190559387207,1
946,0.009654760360717773,1
947,0.01535344123840332,1
948,0.010843276977539062,1
949,0.010135412216186523,1
950,0.010185480117797852,1
951,0.011160135269165039,1
952,0.0053598880767822266,1
953,0.010092496871948242,1
954,0.010277986526489258,1
955,0.01057887077331543,1
956,0.010375261306762695,1
957,0.010078907012939453,1
958,0.010399580001831055,1
959,0.01010584831237793,1
960,0.009900093078613281,1
961,0.010421276092529297,1
962,0.004996776580810547,1
963,0.010483741760253906,1
964,0.010130167007446289,1
965,0.009992837905883789,1
966,0.010058164596557617,1
967,0.008581876754760742,1
968,0.009996175765991211,1
969,0.004995822906494141,1
970,0.010632038116455078,1
971,0.004996776580810547,1
972,0.00499725341796875,1
973,0.010074138641357422,1
974,0.010209798812866211,1
975,0.010338544845581055,1
976,0.0049817562103271484,1
977,0.010007858276367188,1
978,0.01006937026977539,1
979,0.009902715682983398,1
980,0.004996299743652344,1
981,0.010490179061889648,1
982,0.009992837905883789,1
983,0.010297060012817383,1
984,0.005051374435424805,1
985,0.004996538162231445,1
986,0.010525226593017578,1
987,0.00999760627746582,1
988,0.004985332489013672,1
989,0.004996538162231445,1
990,0.005036115646362305,1
991,0.0049915313720703125,1
992,0.010159730911254883,1
993,0.010003328323364258,1
994,0.005052804946899414,1
995,0.010059356689453125,1
996,0.015272140502929688,1
997,0.01002049446105957,1
998,0.010000228881835938,1
999,0.009990692138671875,1
1000,0.009980201721191406,1
1001,0.009997367858886719,1
1002,0.009990215301513672,1
1003,0.009991884231567383,1
1004,0.0049974918365478516,1
1005,0.009979009628295898,1
1006,0.014980554580688477,1
1007,0.0049974918365478516,1
1008,0.005349159240722656,1
1009,0.010131120681762695,2
1010,0.004996538162231445,2
1011,0.010392427444458008,2
1012,0.0050008296966552734,2
1013,0.010158061981201172,4
1014,0.01027369499206543,4
1015,0.010012626647949219,2
1016,0.009987115859985352,2
1017,0.009992599487304688,2
1018,0.010318994522094727,2
1019,0.0049173831939697266,2
1020,0.010001420974731445,1
1021,0.010489940643310547,1
1022,0.0052416324615478516,1
1023,0.005098581314086914,1
1024,0.009505510330200195,1
1025,0.013081073760986328,1
1026,0.010025501251220703,1
1027,0.004996538162231445,1
1028,0.00543522834777832,1
1029,0.009997129440307617,1
1030,0.010254144668579102,1
1031,0.010120153427124023,1
1032,0.010260581970214844,1
1033,0.0049974918365478516,1
1034,0.00500035285949707,1
1035,0.004995107650756836,1
1036,0.010237455368041992,1
1037,0.010605335235595703,1
1038,0.005094766616821289,1
1039,0.005068063735961914,1
1040,0.005006551742553711,1
1041,0.010074377059936523,1
1042,0.010470867156982422,1
1043,0.010002374649047852,1
1044,0.013381719589233398,1
1045,0.0049970149993896484,1
1046,0.01093435287475586,1
1047,0.009994268417358398,1
1048,0.005079507827758789,1
1049,0.00508570671081543,1
1050,0.005012989044189453,1
1051,0.010374307632446289,1
1052,0.0050373077392578125,1
1053,0.004996538162231445,1
1054,0.00500178337097168,1
1055,0.01016378402709961,1
1056,0.010370254516601562,1
1057,0.010009288787841797,1
1058,0.009992837905883789,1
1059,0.009993791580200195,1
1060,0.010039806365966797,1
1061,0.010500907897949219,1
1062,0.0050389766693115234,1
1063,0.015166521072387695,1
1064,0.009987831115722656,1
1065,0.008414268493652344,1
1066,0.010507583618164062,1
1067,0.010282278060913086,1
1068,0.01491689682006836,1
1069,0.004995822906494141,1
1070,0.014511823654174805,1
1071,0.010399818420410156,1
1072,0.010030031204223633,1
1073,0.004999399185180664,1
1074,0.009917497634887695,1
1075,0.010008573532104492,1
1076,0.005148649215698242,1
1077,0.014499902725219727,1
1078,0.008020401000976562,1
1079,0.00998997688293457,1
1080,0.00995635986328125,1
1081,0.015007257461547852,1
1082,0.010082483291625977,1
1083,0.011121511459350586,1
1084,0.009991168975830078,1
1085,0.010359525680541992,1
1086,0.010014772415161133,1
1087,0.004996299743652344,1
1088,0.01018977165222168,1
1089,0.014913558959960938,1
1090,0.010434389114379883,1
1091,0.004917144775390625,1
1092,0.009988784790039062,1
1093,0.005008220672607422,1
1094,0.01008749008178711,1
1095,0.010013818740844727,1
1096,0.010958433151245117,1
1097,0.0145416259765625,1
1098,0.010198593139648438,1
1099,0.010252952575683594,1
1100,0.013482332229614258,1
1101,0.009993791580200195,1
1102,0.01000666618347168,1
1103,0.005501508712768555,1
1104,0.010050773620605469,1
1105,0.012543916702270508,1
1106,0.004992961883544922,1
1107,0.01049661636352539,1
1108,0.010295391082763672,1
1109,0.020180225372314453,1
1110,0.005044698715209961,1
1111,0.005095720291137695,1
1112,0.009991168975830078,1
1113,0.010012626647949219,1
1114,0.0049991607666015625,1
1115,0.009993314743041992,1
1116,0.005021810531616211,1
1117,0.01037144660949707,1
1118,0.010186910629272461,1
1119,0.010291814804077148,1
1120,0.012069225311279297,1
1121,0.010599374771118164,1
1122,0.004992008209228516,1
1123,0.0102691650390625,1
1124,0.005011796951293945,1
1125,0.010474205017089844,1
1126,0.005360126495361328,1
1127,0.01498866081237793,1
1128,0.01001119613647461,1
1129,0.007501840591430664,1
1130,0.0052623748779296875,1
1131,0.01031351089477539,1
1132,0.004998683929443359,1
1133,0.01073145866394043,1
1134,0.010025501251220703,1
1135,0.010040283203125,1
1136,0.009993314743041992,1
1137,0.010211467742919922,1
1138,0.004996538162231445,1
1139,0.0050280094146728516,1
1140,0.00999593734741211,1
1141,0.00999307632446289,1
1142,0.01047968864440918,1
1143,0.010312318801879883,1
1144,0.010412216186523438,1
1145,0.01000070571899414,1
1146,0.004999637603759766,1
1147,0.010314226150512695,1
1148,0.010532140731811523,1
1149,0.009994745254516602,1
1150,0.005071401596069336,1
1151,0.009993553161621094,1
1152,0.005013942718505859,1
1153,0.010365486145019531,1
1154,0.0049953460693359375,1
1155,0.005203723907470703,1
1156,0.010598182678222656,1
1157,0.010001420974731445,1
1158,0.009993314743041992,1
1159,0.010010242462158203,1
1160,0.010016202926635742,1
1161,0.009994029998779297,1
1162,0.010143041610717773,1
1163,0.010343313217163086,1
1164,0.010281085968017578,1
1165,0.010081768035888672,1
1166,0.010097503662109375,1
1167,0.0049974918365478516,1
1168,0.004999399185180664,1
1169,0.012478113174438477,1
1170,0.010467052459716797,1
1171,0.010049819946289062,1
1172,0.00999593734741211,1
1173,0.01035618782043457,1
1174,0.009917736053466797,1
1175,0.010070085525512695,1
1176,0.010408163070678711,1
1177,0.005010128021240234,1
1178,0.010107278823852539,1
1179,0.009101152420043945,1
1180,0.009992599487304688,1
1181,0.005122184753417969,1
1182,0.01009368896484375,1
1183,0.015297651290893555,1
1184,0.004994392395019531,1
1185,0.00999593734741211,1
1186,0.009907960891723633,1
1187,0.010410070419311523,1
1188,0.01000356674194336,1
1189,0.0099029541015625,1
1190,0.004910469055175781,1
1191,0.010004043579101562,1
1192,0.009909868240356445,1
1193,0.009988784790039062,1
1194,0.005002260208129883,1
1195,0.014993429183959961,1
1196,0.009988784790039062,1
1197,0.00800180435180664,1
1198,0.009904623031616211,1
1199,0.00999307632446289,1
1200,0.005017518997192383,1
1201,0.009988784790039062,1
1202,0.010001897811889648,1
1203,0.00508427619934082,1
1204,0.0051190853118896484,1
1205,0.006190061569213867,1
1206,0.009989738464355469,1
1207,0.010078191757202148,1
1208,0.004505634307861328,1
1209,0.010006904602050781,1
1210,0.004994869232177734,1
1211,0.010443449020385742,1
1212,0.004996776580810547,1
1213,0.010369539260864258,1
1214,0.0050067901611328125,1
1215,0.005045175552368164,1
1216,0.015096902847290039,1
1217,0.010076284408569336,1
1218,0.009913206100463867,1
1219,0.010004997253417969,1
1220,0.004996538162231445,1
1221,0.014997482299804688,1
1222,0.009915351867675781,1
1223,0.014920711517333984,1
1224,0.013992786407470703,1
1225,0.009989261627197266,1
1226,0.009494304656982422,1
1227,0.009910345077514648,1
1228,0.009996652603149414,1
1229,0.010006904602050781,1
1230,0.005103349685668945,1
1231,0.01498866081237793,1
1232,0.00499725341796875,1
1233,0.004997968673706055,1
1234,0.010012149810791016,1
1235,0.01525735855102539,1
1236,0.010180473327636719,1
1237,0.015347003936767578,1
1238,0.014988899230957031,1
1239,0.011043071746826172,1
1240,0.010416030883789062,1
1241,0.010046005249023438,1
1242,0.009988069534301758,1
1243,0.012105464935302734,1
1244,0.01032567024230957,1
1245,0.01015472412109375,1
1246,0.008952140808105469,1
1247,0.010385513305664062,1
1248,0.009978532791137695,1
1249,0.010249614715576172,1
1250,0.010011434555053711,1
1251,0.0050280094146728516,1
1252,0.009992122650146484,1
1253,0.010105371475219727,1
1254,0.010167837142944336,1
1255,0.010001897811889648,1
1256,0.004992246627807617,1
1257,0.004989147186279297,1
1258,0.004996776580810547,1
1259,0.004988908767700195,1
1260,0.004996299743652344,1
1261,0.010335445404052734,1
1262,0.01000356674194336,1
1263,0.005072116851806641,1
1264,0.010537147521972656,1
1265,0.010455608367919922,1
1266,0.0049207210540771484,1
1267,0.009915828704833984,1
1268,0.004955291748046875,1
1269,0.009994268417358398,1
1270,0.010255098342895508,1
1271,0.009990930557250977,1
